value,run_id,valid,total_demand_t,critical_demand_t,total_cost_mln,discounted_cost_mln,total_service_level,critical_service_level,total_shortage_t,critical_shortage_t,minimum_inventory_t,final_inventory_t,hard_violation_count,violations
1.0,run-737ce6dff04f5652,True,1390.0,950.0,11567.703787807655,10480.757934894153,1.0,1.0,0.0,0.0,17.300000000009504,45.45666666588559,0,[]
1.01,run-9c2a93da04420464,False,1403.8999999999999,950.0,11545.059787807655,10461.875406758829,1.0000000000000002,1.0,0.0,0.0,16.30000000000948,31.556666665885768,3,"[{""actual"": 42.075671852924046, ""code"": ""RESERVE_45D"", ""constraint_id"": ""RESERVE_45D"", ""excess_or_gap"": 2.924328147075954, ""human_message"": ""Reserve equivalence is 42.076 days; required 45.000 days."", ""limit"": 45.0, ""operator"": "">="", ""period"": ""2036-01"", ""reason"": ""physical stock or demonstrably equivalent contracted emergency reserve"", ""scenario"": ""BASE"", ""severity"": ""hard"", ""source_id"": null, ""unit"": ""days""}, {""actual"": 42.8641604781123, ""code"": ""RESERVE_45D"", ""constraint_id"": ""RESERVE_45D"", ""excess_or_gap"": 2.1358395218877035, ""human_message"": ""Reserve equivalence is 42.864 days; required 45.000 days."", ""limit"": 45.0, ""operator"": "">="", ""period"": ""2039-01"", ""reason"": ""physical stock or demonstrably equivalent contracted emergency reserve"", ""scenario"": ""BASE"", ""severity"": ""hard"", ""source_id"": null, ""unit"": ""days""}, {""actual"": 40.3503994242004, ""code"": ""RESERVE_45D"", ""constraint_id"": ""RESERVE_45D"", ""excess_or_gap"": 4.649600575799603, ""human_message"": ""Reserve equivalence is 40.350 days; required 45.000 days."", ""limit"": 45.0, ""operator"": "">="", ""period"": ""2040-01"", ""reason"": ""physical stock or demonstrably equivalent contracted emergency reserve"", ""scenario"": ""BASE"", ""severity"": ""hard"", ""source_id"": null, ""unit"": ""days""}]"
1.02,run-c08b44b3418ea9b0,False,1417.8,950.0,11522.415787807655,10442.992878623507,1.0,1.0,0.0,0.0,15.300000000009511,17.65666666588568,4,"[{""actual"": 39.10714285716716, ""code"": ""RESERVE_45D"", ""constraint_id"": ""RESERVE_45D"", ""excess_or_gap"": 5.892857142832838, ""human_message"": ""Reserve equivalence is 39.107 days; required 45.000 days."", ""limit"": 45.0, ""operator"": "">="", ""period"": ""2036-01"", ""reason"": ""physical stock or demonstrably equivalent contracted emergency reserve"", ""scenario"": ""BASE"", ""severity"": ""hard"", ""source_id"": null, ""unit"": ""days""}, {""actual"": 39.311215685722416, ""code"": ""RESERVE_45D"", ""constraint_id"": ""RESERVE_45D"", ""excess_or_gap"": 5.688784314277584, ""human_message"": ""Reserve equivalence is 39.311 days; required 45.000 days."", ""limit"": 45.0, ""operator"": "">="", ""period"": ""2038-01"", ""reason"": ""physical stock or demonstrably equivalent contracted emergency reserve"", ""scenario"": ""BASE"", ""severity"": ""hard"", ""source_id"": null, ""unit"": ""days""}, {""actual"": 34.83975694401311, ""code"": ""RESERVE_45D"", ""constraint_id"": ""RESERVE_45D"", ""excess_or_gap"": 10.16024305598689, ""human_message"": ""Reserve equivalence is 34.840 days; required 45.000 days."", ""limit"": 45.0, ""operator"": "">="", ""period"": ""2039-01"", ""reason"": ""physical stock or demonstrably equivalent contracted emergency reserve"", ""scenario"": ""BASE"", ""severity"": ""hard"", ""source_id"": null, ""unit"": ""days""}, {""actual"": 30.779342215164718, ""code"": ""RESERVE_45D"", ""constraint_id"": ""RESERVE_45D"", ""excess_or_gap"": 14.220657784835282, ""human_message"": ""Reserve equivalence is 30.779 days; required 45.000 days."", ""limit"": 45.0, ""operator"": "">="", ""period"": ""2040-01"", ""reason"": ""physical stock or demonstrably equivalent contracted emergency reserve"", ""scenario"": ""BASE"", ""severity"": ""hard"", ""source_id"": null, ""unit"": ""days""}]"
1.03,run-fed0931cdc32b596,False,1431.7,950.0,11499.771787807655,10424.110350488183,1.0,1.0,0.0,0.0,3.7566666658856604,3.7566666658856604,5,"[{""actual"": 36.196255201133624, ""code"": ""RESERVE_45D"", ""constraint_id"": ""RESERVE_45D"", ""excess_or_gap"": 8.803744798866376, ""human_message"": ""Reserve equivalence is 36.196 days; required 45.000 days."", ""limit"": 45.0, ""operator"": "">="", ""period"": ""2036-01"", ""reason"": ""physical stock or demonstrably equivalent contracted emergency reserve"", ""scenario"": ""BASE"", ""severity"": ""hard"", ""source_id"": null, ""unit"": ""days""}, {""actual"": 40.27371827629091, ""code"": ""RESERVE_45D"", ""constraint_id"": ""RESERVE_45D"", ""excess_or_gap"": 4.726281723709093, ""human_message"": ""Reserve equivalence is 40.274 days; required 45.000 days."", ""limit"": 45.0, ""operator"": "">="", ""period"": ""2037-01"", ""reason"": ""physical stock or demonstrably equivalent contracted emergency reserve"", ""scenario"": ""BASE"", ""severity"": ""hard"", ""source_id"": null, ""unit"": ""days""}, {""actual"": 32.834407766443576, ""code"": ""RESERVE_45D"", ""constraint_id"": ""RESERVE_45D"", ""excess_or_gap"": 12.165592233556424, ""human_message"": ""Reserve equivalence is 32.834 days; required 45.000 days."", ""limit"": 45.0, ""operator"": "">="", ""period"": ""2038-01"", ""reason"": ""physical stock or demonstrably equivalent contracted emergency reserve"", ""scenario"": ""BASE"", ""severity"": ""hard"", ""source_id"": null, ""unit"": ""days""}, {""actual"": 26.971167070770335, ""code"": ""RESERVE_45D"", ""constraint_id"": ""RESERVE_45D"", ""excess_or_gap"": 18.028832929229665, ""human_message"": ""Reserve equivalence is 26.971 days; required 45.000 days."", ""limit"": 45.0, ""operator"": "">="", ""period"": ""2039-01"", ""reason"": ""physical stock or demonstrably equivalent contracted emergency reserve"", ""scenario"": ""BASE"", ""severity"": ""hard"", ""source_id"": null, ""unit"": ""days""}, {""actual"": 21.394130777178354, ""code"": ""RESERVE_45D"", ""constraint_id"": ""RESERVE_45D"", ""excess_or_gap"": 23.605869222821646, ""human_message"": ""Reserve equivalence is 21.394 days; required 45.000 days."", ""limit"": 45.0, ""operator"": "">="", ""period"": ""2040-01"", ""reason"": ""physical stock or demonstrably equivalent contracted emergency reserve"", ""scenario"": ""BASE"", ""severity"": ""hard"", ""source_id"": null, ""unit"": ""days""}]"
1.04,run-20796cf3d42b0701,False,1445.6000000000001,950.0,11478.954287807917,10406.658932896122,0.9929833056626214,1.0,10.143333334114395,0.0,0.0,0.0,5,"[{""actual"": 33.34134615386992, ""code"": ""RESERVE_45D"", ""constraint_id"": ""RESERVE_45D"", ""excess_or_gap"": 11.658653846130079, ""human_message"": ""Reserve equivalence is 33.341 days; required 45.000 days."", ""limit"": 45.0, ""operator"": "">="", ""period"": ""2036-01"", ""reason"": ""physical stock or demonstrably equivalent contracted emergency reserve"", ""scenario"": ""BASE"", ""severity"": ""hard"", ""source_id"": null, ""unit"": ""days""}, {""actual"": 35.453272604605885, ""code"": ""RESERVE_45D"", ""constraint_id"": ""RESERVE_45D"", ""excess_or_gap"": 9.546727395394115, ""human_message"": ""Reserve equivalence is 35.453 days; required 45.000 days."", ""limit"": 45.0, ""operator"": "">="", ""period"": ""2037-01"", ""reason"": ""physical stock or demonstrably equivalent contracted emergency reserve"", ""scenario"": ""BASE"", ""severity"": ""hard"", ""source_id"": null, ""unit"": ""days""}, {""actual"": 26.482153845612384, ""code"": ""RESERVE_45D"", ""constraint_id"": ""RESERVE_45D"", ""excess_or_gap"": 18.517846154387616, ""human_message"": ""Reserve equivalence is 26.482 days; required 45.000 days."", ""limit"": 45.0, ""operator"": "">="", ""period"": ""2038-01"", ""reason"": ""physical stock or demonstrably equivalent contracted emergency reserve"", ""scenario"": ""BASE"", ""severity"": ""hard"", ""source_id"": null, ""unit"": ""days""}, {""actual"": 19.253896233551348, ""code"": ""RESERVE_45D"", ""constraint_id"": ""RESERVE_45D"", ""excess_or_gap"": 25.746103766448652, ""human_message"": ""Reserve equivalence is 19.254 days; required 45.000 days."", ""limit"": 45.0, ""operator"": "">="", ""period"": ""2039-01"", ""reason"": ""physical stock or demonstrably equivalent contracted emergency reserve"", ""scenario"": ""BASE"", ""severity"": ""hard"", ""source_id"": null, ""unit"": ""days""}, {""actual"": 12.189404174537824, ""code"": ""RESERVE_45D"", ""constraint_id"": ""RESERVE_45D"", ""excess_or_gap"": 32.81059582546217, ""human_message"": ""Reserve equivalence is 12.189 days; required 45.000 days."", ""limit"": 45.0, ""operator"": "">="", ""period"": ""2040-01"", ""reason"": ""physical stock or demonstrably equivalent contracted emergency reserve"", ""scenario"": ""BASE"", ""severity"": ""hard"", ""source_id"": null, ""unit"": ""days""}]"
1.05,run-92a4ddaa56b400e8,False,1459.5,950.0,11462.992029808063,10393.011724455504,0.983526321799168,1.0,24.043333334114312,0.0,0.0,0.0,6,"[{""actual"": 30.54081632655423, ""code"": ""RESERVE_45D"", ""constraint_id"": ""RESERVE_45D"", ""excess_or_gap"": 14.459183673445771, ""human_message"": ""Reserve equivalence is 30.541 days; required 45.000 days."", ""limit"": 45.0, ""operator"": "">="", ""period"": ""2036-01"", ""reason"": ""physical stock or demonstrably equivalent contracted emergency reserve"", ""scenario"": ""BASE"", ""severity"": ""hard"", ""source_id"": null, ""unit"": ""days""}, {""actual"": 30.724644945714935, ""code"": ""RESERVE_45D"", ""constraint_id"": ""RESERVE_45D"", ""excess_or_gap"": 14.275355054285065, ""human_message"": ""Reserve equivalence is 30.725 days; required 45.000 days."", ""limit"": 45.0, ""operator"": "">="", ""period"": ""2037-01"", ""reason"": ""physical stock or demonstrably equivalent contracted emergency reserve"", ""scenario"": ""BASE"", ""severity"": ""hard"", ""source_id"": null, ""unit"": ""days""}, {""actual"": 20.250895237558936, ""code"": ""RESERVE_45D"", ""constraint_id"": ""RESERVE_45D"", ""excess_or_gap"": 24.749104762441064, ""human_message"": ""Reserve equivalence is 20.251 days; required 45.000 days."", ""limit"": 45.0, ""operator"": "">="", ""period"": ""2038-01"", ""reason"": ""physical stock or demonstrably equivalent contracted emergency reserve"", ""scenario"": ""BASE"", ""severity"": ""hard"", ""source_id"": null, ""unit"": ""days""}, {""actual"": 11.683621031327078, ""code"": ""RESERVE_45D"", ""constraint_id"": ""RESERVE_45D"", ""excess_or_gap"": 33.31637896867292, ""human_message"": ""Reserve equivalence is 11.684 days; required 45.000 days."", ""limit"": 45.0, ""operator"": "">="", ""period"": ""2039-01"", ""reason"": ""physical stock or demonstrably equivalent contracted emergency reserve"", ""scenario"": ""BASE"", ""severity"": ""hard"", ""source_id"": null, ""unit"": ""days""}, {""actual"": 0.9412861212842144, ""code"": ""BASE_TOTAL_SERVICE"", ""constraint_id"": ""BASE_TOTAL_SERVICE"", ""excess_or_gap"": 0.028713878715785568, ""human_message"": ""Total service is 94.13%; shortage is 24.043 t."", ""limit"": 0.97, ""operator"": "">="", ""period"": ""2040"", ""reason"": ""total demand service minimum"", ""scenario"": ""BASE"", ""severity"": ""hard"", ""source_id"": null, ""unit"": ""share""}, {""actual"": 3.1600056976619113, ""code"": ""RESERVE_45D"", ""constraint_id"": ""RESERVE_45D"", ""excess_or_gap"": 41.83999430233809, ""human_message"": ""Reserve equivalence is 3.160 days; required 45.000 days."", ""limit"": 45.0, ""operator"": "">="", ""period"": ""2040-01"", ""reason"": ""physical stock or demonstrably equivalent contracted emergency reserve"", ""scenario"": ""BASE"", ""severity"": ""hard"", ""source_id"": null, ""unit"": ""days""}]"
1.06,run-135ba1f61faca0b9,False,1473.4,950.0,11451.819963808319,10383.234278569824,0.9742477715935154,1.0,37.94333333411442,0.0,0.0,0.0,6,"[{""actual"": 27.793126684659487, ""code"": ""RESERVE_45D"", ""constraint_id"": ""RESERVE_45D"", ""excess_or_gap"": 17.206873315340513, ""human_message"": ""Reserve equivalence is 27.793 days; required 45.000 days."", ""limit"": 45.0, ""operator"": "">="", ""period"": ""2036-01"", ""reason"": ""physical stock or demonstrably equivalent contracted emergency reserve"", ""scenario"": ""BASE"", ""severity"": ""hard"", ""source_id"": null, ""unit"": ""days""}, {""actual"": 26.08523667661433, ""code"": ""RESERVE_45D"", ""constraint_id"": ""RESERVE_45D"", ""excess_or_gap"": 18.91476332338567, ""human_message"": ""Reserve equivalence is 26.085 days; required 45.000 days."", ""limit"": 45.0, ""operator"": "">="", ""period"": ""2037-01"", ""reason"": ""physical stock or demonstrably equivalent contracted emergency reserve"", ""scenario"": ""BASE"", ""severity"": ""hard"", ""source_id"": null, ""unit"": ""days""}, {""actual"": 14.137207546638521, ""code"": ""RESERVE_45D"", ""constraint_id"": ""RESERVE_45D"", ""excess_or_gap"": 30.86279245336148, ""human_message"": ""Reserve equivalence is 14.137 days; required 45.000 days."", ""limit"": 45.0, ""operator"": "">="", ""period"": ""2038-01"", ""reason"": ""physical stock or demonstrably equivalent contracted emergency reserve"", ""scenario"": ""BASE"", ""severity"": ""hard"", ""source_id"": null, ""unit"": ""days""}, {""actual"": 4.256181210276777, ""code"": ""RESERVE_45D"", ""constraint_id"": ""RESERVE_45D"", ""excess_or_gap"": 40.74381878972322, ""human_message"": ""Reserve equivalence is 4.256 days; required 45.000 days."", ""limit"": 45.0, ""operator"": "">="", ""period"": ""2039-01"", ""reason"": ""physical stock or demonstrably equivalent contracted emergency reserve"", ""scenario"": ""BASE"", ""severity"": ""hard"", ""source_id"": null, ""unit"": ""days""}, {""actual"": 0.9238301886782895, ""code"": ""BASE_TOTAL_SERVICE"", ""constraint_id"": ""BASE_TOTAL_SERVICE"", ""excess_or_gap"": 0.0461698113217105, ""human_message"": ""Total service is 92.38%; shortage is 31.489 t."", ""limit"": 0.97, ""operator"": "">="", ""period"": ""2040"", ""reason"": ""total demand service minimum"", ""scenario"": ""BASE"", ""severity"": ""hard"", ""source_id"": null, ""unit"": ""share""}, {""actual"": 0.0, ""code"": ""RESERVE_45D"", ""constraint_id"": ""RESERVE_45D"", ""excess_or_gap"": 45.0, ""human_message"": ""Reserve equivalence is 0.000 days; required 45.000 days."", ""limit"": 45.0, ""operator"": "">="", ""period"": ""2040-01"", ""reason"": ""physical stock or demonstrably equivalent contracted emergency reserve"", ""scenario"": ""BASE"", ""severity"": ""hard"", ""source_id"": null, ""unit"": ""days""}]"
1.07,run-3495d67b81d963c9,False,1487.3,950.0,11445.327975808596,10377.370561908796,0.9651426522328285,1.0,51.8433333341144,0.0,0.0,0.0,7,"[{""actual"": 25.096795727659945, ""code"": ""RESERVE_45D"", ""constraint_id"": ""RESERVE_45D"", ""excess_or_gap"": 19.903204272340055, ""human_message"": ""Reserve equivalence is 25.097 days; required 45.000 days."", ""limit"": 45.0, ""operator"": "">="", ""period"": ""2036-01"", ""reason"": ""physical stock or demonstrably equivalent contracted emergency reserve"", ""scenario"": ""BASE"", ""severity"": ""hard"", ""source_id"": null, ""unit"": ""days""}, {""actual"": 21.532546319085654, ""code"": ""RESERVE_45D"", ""constraint_id"": ""RESERVE_45D"", ""excess_or_gap"": 23.467453680914346, ""human_message"": ""Reserve equivalence is 21.533 days; required 45.000 days."", ""limit"": 45.0, ""operator"": "">="", ""period"": ""2037-01"", ""reason"": ""physical stock or demonstrably equivalent contracted emergency reserve"", ""scenario"": ""BASE"", ""severity"": ""hard"", ""source_id"": null, ""unit"": ""days""}, {""actual"": 8.137794391997028, ""code"": ""RESERVE_45D"", ""constraint_id"": ""RESERVE_45D"", ""excess_or_gap"": 36.862205608002974, ""human_message"": ""Reserve equivalence is 8.138 days; required 45.000 days."", ""limit"": 45.0, ""operator"": "">="", ""period"": ""2038-01"", ""reason"": ""physical stock or demonstrably equivalent contracted emergency reserve"", ""scenario"": ""BASE"", ""severity"": ""hard"", ""source_id"": null, ""unit"": ""days""}, {""actual"": 0.9602509735202489, ""code"": ""BASE_TOTAL_SERVICE"", ""constraint_id"": ""BASE_TOTAL_SERVICE"", ""excess_or_gap"": 0.009749026479751066, ""human_message"": ""Total service is 96.03%; shortage is 13.610 t."", ""limit"": 0.97, ""operator"": "">="", ""period"": ""2039"", ""reason"": ""total demand service minimum"", ""scenario"": ""BASE"", ""severity"": ""hard"", ""source_id"": null, ""unit"": ""share""}, {""actual"": 0.0, ""code"": ""RESERVE_45D"", ""constraint_id"": ""RESERVE_45D"", ""excess_or_gap"": 45.0, ""human_message"": ""Reserve equivalence is 0.000 days; required 45.000 days."", ""limit"": 45.0, ""operator"": "">="", ""period"": ""2039-01"", ""reason"": ""physical stock or demonstrably equivalent contracted emergency reserve"", ""scenario"": ""BASE"", ""severity"": ""hard"", ""source_id"": null, ""unit"": ""days""}, {""actual"": 0.9151962616812961, ""code"": ""BASE_TOTAL_SERVICE"", ""constraint_id"": ""BASE_TOTAL_SERVICE"", ""excess_or_gap"": 0.05480373831870389, ""human_message"": ""Total service is 91.52%; shortage is 35.389 t."", ""limit"": 0.97, ""operator"": "">="", ""period"": ""2040"", ""reason"": ""total demand service minimum"", ""scenario"": ""BASE"", ""severity"": ""hard"", ""source_id"": null, ""unit"": ""share""}, {""actual"": 0.0, ""code"": ""RESERVE_45D"", ""constraint_id"": ""RESERVE_45D"", ""excess_or_gap"": 45.0, ""human_message"": ""Reserve equivalence is 0.000 days; required 45.000 days."", ""limit"": 45.0, ""operator"": "">="", ""period"": ""2040-01"", ""reason"": ""physical stock or demonstrably equivalent contracted emergency reserve"", ""scenario"": ""BASE"", ""severity"": ""hard"", ""source_id"": null, ""unit"": ""days""}]"
1.08,run-79c4754c06942951,False,1501.2,950.0,11441.095835808619,10373.453105910543,0.9562061461936355,1.0,65.7433333341144,0.0,0.0,0.0,8,"[{""actual"": 22.450396825419787, ""code"": ""RESERVE_45D"", ""constraint_id"": ""RESERVE_45D"", ""excess_or_gap"": 22.549603174580213, ""human_message"": ""Reserve equivalence is 22.450 days; required 45.000 days."", ""limit"": 45.0, ""operator"": "">="", ""period"": ""2036-01"", ""reason"": ""physical stock or demonstrably equivalent contracted emergency reserve"", ""scenario"": ""BASE"", ""severity"": ""hard"", ""source_id"": null, ""unit"": ""days""}, {""actual"": 17.064165042252068, ""code"": ""RESERVE_45D"", ""constraint_id"": ""RESERVE_45D"", ""excess_or_gap"": 27.935834957747932, ""human_message"": ""Reserve equivalence is 17.064 days; required 45.000 days."", ""limit"": 45.0, ""operator"": "">="", ""period"": ""2037-01"", ""reason"": ""physical stock or demonstrably equivalent contracted emergency reserve"", ""scenario"": ""BASE"", ""severity"": ""hard"", ""source_id"": null, ""unit"": ""days""}, {""actual"": 0.9642790123442505, ""code"": ""BASE_TOTAL_SERVICE"", ""constraint_id"": ""BASE_TOTAL_SERVICE"", ""excess_or_gap"": 0.0057209876557494654, ""human_message"": ""Total service is 96.43%; shortage is 9.645 t."", ""limit"": 0.97, ""operator"": "">="", ""period"": ""2038"", ""reason"": ""total demand service minimum"", ""scenario"": ""BASE"", ""severity"": ""hard"", ""source_id"": null, ""unit"": ""share""}, {""actual"": 2.2494814809600308, ""code"": ""RESERVE_45D"", ""constraint_id"": ""RESERVE_45D"", ""excess_or_gap"": 42.75051851903997, ""human_message"": ""Reserve equivalence is 2.249 days; required 45.000 days."", ""limit"": 45.0, ""operator"": "">="", ""period"": ""2038-01"", ""reason"": ""physical stock or demonstrably equivalent contracted emergency reserve"", ""scenario"": ""BASE"", ""severity"": ""hard"", ""source_id"": null, ""unit"": ""days""}, {""actual"": 0.9513597608024688, ""code"": ""BASE_TOTAL_SERVICE"", ""constraint_id"": ""BASE_TOTAL_SERVICE"", ""excess_or_gap"": 0.018640239197531216, ""human_message"": ""Total service is 95.14%; shortage is 16.810 t."", ""limit"": 0.97, ""operator"": "">="", ""period"": ""2039"", ""reason"": ""total demand service minimum"", ""scenario"": ""BASE"", ""severity"": ""hard"", ""source_id"": null, ""unit"": ""share""}, {""actual"": 0.0, ""code"": ""RESERVE_45D"", ""constraint_id"": ""RESERVE_45D"", ""excess_or_gap"": 45.0, ""human_message"": ""Reserve equivalence is 0.000 days; required 45.000 days."", ""limit"": 45.0, ""operator"": "">="", ""period"": ""2039-01"", ""reason"": ""physical stock or demonstrably equivalent contracted emergency reserve"", ""scenario"": ""BASE"", ""severity"": ""hard"", ""source_id"": null, ""unit"": ""days""}, {""actual"": 0.9067222222212837, ""code"": ""BASE_TOTAL_SERVICE"", ""constraint_id"": ""BASE_TOTAL_SERVICE"", ""excess_or_gap"": 0.06327777777871624, ""human_message"": ""Total service is 90.67%; shortage is 39.289 t."", ""limit"": 0.97, ""operator"": "">="", ""period"": ""2040"", ""reason"": ""total demand service minimum"", ""scenario"": ""BASE"", ""severity"": ""hard"", ""source_id"": null, ""unit"": ""share""}, {""actual"": 0.0, ""code"": ""RESERVE_45D"", ""constraint_id"": ""RESERVE_45D"", ""excess_or_gap"": 45.0, ""human_message"": ""Reserve equivalence is 0.000 days; required 45.000 days."", ""limit"": 45.0, ""operator"": "">="", ""period"": ""2040-01"", ""reason"": ""physical stock or demonstrably equivalent contracted emergency reserve"", ""scenario"": ""BASE"", ""severity"": ""hard"", ""source_id"": null, ""unit"": ""days""}]"
1.09,run-d487bc60626e4bb6,False,1515.1000000000001,950.0,11437.403399445078,10370.017133828289,0.9474336127423177,1.0,79.64333333411443,0.0,0.0,0.0,8,"[{""actual"": 19.852555701202284, ""code"": ""RESERVE_45D"", ""constraint_id"": ""RESERVE_45D"", ""excess_or_gap"": 25.147444298797716, ""human_message"": ""Reserve equivalence is 19.853 days; required 45.000 days."", ""limit"": 45.0, ""operator"": "">="", ""period"": ""2036-01"", ""reason"": ""physical stock or demonstrably equivalent contracted emergency reserve"", ""scenario"": ""BASE"", ""severity"": ""hard"", ""source_id"": null, ""unit"": ""days""}, {""actual"": 12.677772412699754, ""code"": ""RESERVE_45D"", ""constraint_id"": ""RESERVE_45D"", ""excess_or_gap"": 32.32222758730025, ""human_message"": ""Reserve equivalence is 12.678 days; required 45.000 days."", ""limit"": 45.0, ""operator"": "">="", ""period"": ""2037-01"", ""reason"": ""physical stock or demonstrably equivalent contracted emergency reserve"", ""scenario"": ""BASE"", ""severity"": ""hard"", ""source_id"": null, ""unit"": ""days""}, {""actual"": 0.949325993883792, ""code"": ""BASE_TOTAL_SERVICE"", ""constraint_id"": ""BASE_TOTAL_SERVICE"", ""excess_or_gap"": 0.020674006116207955, ""human_message"": ""Total service is 94.93%; shortage is 13.809 t."", ""limit"": 0.97, ""operator"": "">="", ""period"": ""2038"", ""reason"": ""total demand service minimum"", ""scenario"": ""BASE"", ""severity"": ""hard"", ""source_id"": null, ""unit"": ""share""}, {""actual"": 0.0, ""code"": ""RESERVE_45D"", ""constraint_id"": ""RESERVE_45D"", ""excess_or_gap"": 45.0, ""human_message"": ""Reserve equivalence is 0.000 days; required 45.000 days."", ""limit"": 45.0, ""operator"": "">="", ""period"": ""2038-01"", ""reason"": ""physical stock or demonstrably equivalent contracted emergency reserve"", ""scenario"": ""BASE"", ""severity"": ""hard"", ""source_id"": null, ""unit"": ""days""}, {""actual"": 0.9426316896024464, ""code"": ""BASE_TOTAL_SERVICE"", ""constraint_id"": ""BASE_TOTAL_SERVICE"", ""excess_or_gap"": 0.027368310397553608, ""human_message"": ""Total service is 94.26%; shortage is 20.010 t."", ""limit"": 0.97, ""operator"": "">="", ""period"": ""2039"", ""reason"": ""total demand service minimum"", ""scenario"": ""BASE"", ""severity"": ""hard"", ""source_id"": null, ""unit"": ""share""}, {""actual"": 0.0, ""code"": ""RESERVE_45D"", ""constraint_id"": ""RESERVE_45D"", ""excess_or_gap"": 45.0, ""human_message"": ""Reserve equivalence is 0.000 days; required 45.000 days."", ""limit"": 45.0, ""operator"": "">="", ""period"": ""2039-01"", ""reason"": ""physical stock or demonstrably equivalent contracted emergency reserve"", ""scenario"": ""BASE"", ""severity"": ""hard"", ""source_id"": null, ""unit"": ""days""}, {""actual"": 0.8984036697238408, ""code"": ""BASE_TOTAL_SERVICE"", ""constraint_id"": ""BASE_TOTAL_SERVICE"", ""excess_or_gap"": 0.07159633027615919, ""human_message"": ""Total service is 89.84%; shortage is 43.189 t."", ""limit"": 0.97, ""operator"": "">="", ""period"": ""2040"", ""reason"": ""total demand service minimum"", ""scenario"": ""BASE"", ""severity"": ""hard"", ""source_id"": null, ""unit"": ""share""}, {""actual"": 0.0, ""code"": ""RESERVE_45D"", ""constraint_id"": ""RESERVE_45D"", ""excess_or_gap"": 45.0, ""human_message"": ""Reserve equivalence is 0.000 days; required 45.000 days."", ""limit"": 45.0, ""operator"": "">="", ""period"": ""2040-01"", ""reason"": ""physical stock or demonstrably equivalent contracted emergency reserve"", ""scenario"": ""BASE"", ""severity"": ""hard"", ""source_id"": null, ""unit"": ""days""}]"
1.1,run-ac72dbeffe1a406b,False,1529.0,950.0,11435.004895808755,10367.752640734121,0.9388205798992058,1.0,93.54333333411446,0.0,0.0,0.0,9,"[{""actual"": 17.301948051970516, ""code"": ""RESERVE_45D"", ""constraint_id"": ""RESERVE_45D"", ""excess_or_gap"": 27.698051948029484, ""human_message"": ""Reserve equivalence is 17.302 days; required 45.000 days."", ""limit"": 45.0, ""operator"": "">="", ""period"": ""2036-01"", ""reason"": ""physical stock or demonstrably equivalent contracted emergency reserve"", ""scenario"": ""BASE"", ""severity"": ""hard"", ""source_id"": null, ""unit"": ""days""}, {""actual"": 0.9668133971273412, ""code"": ""BASE_TOTAL_SERVICE"", ""constraint_id"": ""BASE_TOTAL_SERVICE"", ""excess_or_gap"": 0.003186602872658817, ""human_message"": ""Total service is 96.68%; shortage is 6.936 t."", ""limit"": 0.97, ""operator"": "">="", ""period"": ""2037"", ""reason"": ""total demand service minimum"", ""scenario"": ""BASE"", ""severity"": ""hard"", ""source_id"": null, ""unit"": ""share""}, {""actual"": 8.371132376412037, ""code"": ""RESERVE_45D"", ""constraint_id"": ""RESERVE_45D"", ""excess_or_gap"": 36.628867623587965, ""human_message"": ""Reserve equivalence is 8.371 days; required 45.000 days."", ""limit"": 45.0, ""operator"": "">="", ""period"": ""2037-01"", ""reason"": ""physical stock or demonstrably equivalent contracted emergency reserve"", ""scenario"": ""BASE"", ""severity"": ""hard"", ""source_id"": null, ""unit"": ""days""}, {""actual"": 0.940695757575758, ""code"": ""BASE_TOTAL_SERVICE"", ""constraint_id"": ""BASE_TOTAL_SERVICE"", ""excess_or_gap"": 0.02930424242424201, ""human_message"": ""Total service is 94.07%; shortage is 16.309 t."", ""limit"": 0.97, ""operator"": "">="", ""period"": ""2038"", ""reason"": ""total demand service minimum"", ""scenario"": ""BASE"", ""severity"": ""hard"", ""source_id"": null, ""unit"": ""share""}, {""actual"": 0.0, ""code"": ""RESERVE_45D"", ""constraint_id"": ""RESERVE_45D"", ""excess_or_gap"": 45.0, ""human_message"": ""Reserve equivalence is 0.000 days; required 45.000 days."", ""limit"": 45.0, ""operator"": "">="", ""period"": ""2038-01"", ""reason"": ""physical stock or demonstrably equivalent contracted emergency reserve"", ""scenario"": ""BASE"", ""severity"": ""hard"", ""source_id"": null, ""unit"": ""days""}, {""actual"": 0.9340623106060606, ""code"": ""BASE_TOTAL_SERVICE"", ""constraint_id"": ""BASE_TOTAL_SERVICE"", ""excess_or_gap"": 0.035937689393939376, ""human_message"": ""Total service is 93.41%; shortage is 23.210 t."", ""limit"": 0.97, ""operator"": "">="", ""period"": ""2039"", ""reason"": ""total demand service minimum"", ""scenario"": ""BASE"", ""severity"": ""hard"", ""source_id"": null, ""unit"": ""share""}, {""actual"": 0.0, ""code"": ""RESERVE_45D"", ""constraint_id"": ""RESERVE_45D"", ""excess_or_gap"": 45.0, ""human_message"": ""Reserve equivalence is 0.000 days; required 45.000 days."", ""limit"": 45.0, ""operator"": "">="", ""period"": ""2039-01"", ""reason"": ""physical stock or demonstrably equivalent contracted emergency reserve"", ""scenario"": ""BASE"", ""severity"": ""hard"", ""source_id"": null, ""unit"": ""days""}, {""actual"": 0.8902363636354422, ""code"": ""BASE_TOTAL_SERVICE"", ""constraint_id"": ""BASE_TOTAL_SERVICE"", ""excess_or_gap"": 0.07976363636455774, ""human_message"": ""Total service is 89.02%; shortage is 47.089 t."", ""limit"": 0.97, ""operator"": "">="", ""period"": ""2040"", ""reason"": ""total demand service minimum"", ""scenario"": ""BASE"", ""severity"": ""hard"", ""source_id"": null, ""unit"": ""share""}, {""actual"": 0.0, ""code"": ""RESERVE_45D"", ""constraint_id"": ""RESERVE_45D"", ""excess_or_gap"": 45.0, ""human_message"": ""Reserve equivalence is 0.000 days; required 45.000 days."", ""limit"": 45.0, ""operator"": "">="", ""period"": ""2040-01"", ""reason"": ""physical stock or demonstrably equivalent contracted emergency reserve"", ""scenario"": ""BASE"", ""severity"": ""hard"", ""source_id"": null, ""unit"": ""days""}]"
1.11,run-ee4dff229a6e9a1b,False,1542.8999999999999,950.0,11433.340595808755,10366.154091981283,0.9303627368370508,1.0,107.4433333341145,0.0,0.0,0.0,9,"[{""actual"": 14.797297297319508, ""code"": ""RESERVE_45D"", ""constraint_id"": ""RESERVE_45D"", ""excess_or_gap"": 30.20270270268049, ""human_message"": ""Reserve equivalence is 14.797 days; required 45.000 days."", ""limit"": 45.0, ""operator"": "">="", ""period"": ""2036-01"", ""reason"": ""physical stock or demonstrably equivalent contracted emergency reserve"", ""scenario"": ""BASE"", ""severity"": ""hard"", ""source_id"": null, ""unit"": ""days""}, {""actual"": 0.9467235656691052, ""code"": ""BASE_TOTAL_SERVICE"", ""constraint_id"": ""BASE_TOTAL_SERVICE"", ""excess_or_gap"": 0.02327643433089477, ""human_message"": ""Total service is 94.67%; shortage is 11.236 t."", ""limit"": 0.97, ""operator"": "">="", ""period"": ""2037"", ""reason"": ""total demand service minimum"", ""scenario"": ""BASE"", ""severity"": ""hard"", ""source_id"": null, ""unit"": ""share""}, {""actual"": 4.142089457895231, ""code"": ""RESERVE_45D"", ""constraint_id"": ""RESERVE_45D"", ""excess_or_gap"": 40.85791054210477, ""human_message"": ""Reserve equivalence is 4.142 days; required 45.000 days."", ""limit"": 45.0, ""operator"": "">="", ""period"": ""2037-01"", ""reason"": ""physical stock or demonstrably equivalent contracted emergency reserve"", ""scenario"": ""BASE"", ""severity"": ""hard"", ""source_id"": null, ""unit"": ""days""}, {""actual"": 0.9322210210210212, ""code"": ""BASE_TOTAL_SERVICE"", ""constraint_id"": ""BASE_TOTAL_SERVICE"", ""excess_or_gap"": 0.03777897897897875, ""human_message"": ""Total service is 93.22%; shortage is 18.809 t."", ""limit"": 0.97, ""operator"": "">="", ""period"": ""2038"", ""reason"": ""total demand service minimum"", ""scenario"": ""BASE"", ""severity"": ""hard"", ""source_id"": null, ""unit"": ""share""}, {""actual"": 0.0, ""code"": ""RESERVE_45D"", ""constraint_id"": ""RESERVE_45D"", ""excess_or_gap"": 45.0, ""human_message"": ""Reserve equivalence is 0.000 days; required 45.000 days."", ""limit"": 45.0, ""operator"": "">="", ""period"": ""2038-01"", ""reason"": ""physical stock or demonstrably equivalent contracted emergency reserve"", ""scenario"": ""BASE"", ""severity"": ""hard"", ""source_id"": null, ""unit"": ""days""}, {""actual"": 0.9256473348348344, ""code"": ""BASE_TOTAL_SERVICE"", ""constraint_id"": ""BASE_TOTAL_SERVICE"", ""excess_or_gap"": 0.04435266516516556, ""human_message"": ""Total service is 92.56%; shortage is 26.410 t."", ""limit"": 0.97, ""operator"": "">="", ""period"": ""2039"", ""reason"": ""total demand service minimum"", ""scenario"": ""BASE"", ""severity"": ""hard"", ""source_id"": null, ""unit"": ""share""}, {""actual"": 0.0, ""code"": ""RESERVE_45D"", ""constraint_id"": ""RESERVE_45D"", ""excess_or_gap"": 45.0, ""human_message"": ""Reserve equivalence is 0.000 days; required 45.000 days."", ""limit"": 45.0, ""operator"": "">="", ""period"": ""2039-01"", ""reason"": ""physical stock or demonstrably equivalent contracted emergency reserve"", ""scenario"": ""BASE"", ""severity"": ""hard"", ""source_id"": null, ""unit"": ""days""}, {""actual"": 0.8822162162153034, ""code"": ""BASE_TOTAL_SERVICE"", ""constraint_id"": ""BASE_TOTAL_SERVICE"", ""excess_or_gap"": 0.08778378378469653, ""human_message"": ""Total service is 88.22%; shortage is 50.989 t."", ""limit"": 0.97, ""operator"": "">="", ""period"": ""2040"", ""reason"": ""total demand service minimum"", ""scenario"": ""BASE"", ""severity"": ""hard"", ""source_id"": null, ""unit"": ""share""}, {""actual"": 0.0, ""code"": ""RESERVE_45D"", ""constraint_id"": ""RESERVE_45D"", ""excess_or_gap"": 45.0, ""human_message"": ""Reserve equivalence is 0.000 days; required 45.000 days."", ""limit"": 45.0, ""operator"": "">="", ""period"": ""2040-01"", ""reason"": ""physical stock or demonstrably equivalent contracted emergency reserve"", ""scenario"": ""BASE"", ""severity"": ""hard"", ""source_id"": null, ""unit"": ""days""}]"
1.12,run-19d5a0cfebea72db,False,1556.8,950.0,11431.684995808753,10364.563443455208,0.92205592668672,1.0,121.34333333411448,0.0,0.0,0.0,9,"[{""actual"": 12.337372449001721, ""code"": ""RESERVE_45D"", ""constraint_id"": ""RESERVE_45D"", ""excess_or_gap"": 32.66262755099828, ""human_message"": ""Reserve equivalence is 12.337 days; required 45.000 days."", ""limit"": 45.0, ""operator"": "">="", ""period"": ""2036-01"", ""reason"": ""physical stock or demonstrably equivalent contracted emergency reserve"", ""scenario"": ""BASE"", ""severity"": ""hard"", ""source_id"": null, ""unit"": ""days""}, {""actual"": 0.9270238095219522, ""code"": ""BASE_TOTAL_SERVICE"", ""constraint_id"": ""BASE_TOTAL_SERVICE"", ""excess_or_gap"": 0.04297619047804779, ""human_message"": ""Total service is 92.70%; shortage is 15.529 t."", ""limit"": 0.97, ""operator"": "">="", ""period"": ""2037"", ""reason"": ""total demand service minimum"", ""scenario"": ""BASE"", ""severity"": ""hard"", ""source_id"": null, ""unit"": ""share""}, {""actual"": 0.0, ""code"": ""RESERVE_45D"", ""constraint_id"": ""RESERVE_45D"", ""excess_or_gap"": 45.0, ""human_message"": ""Reserve equivalence is 0.000 days; required 45.000 days."", ""limit"": 45.0, ""operator"": "">="", ""period"": ""2037-01"", ""reason"": ""physical stock or demonstrably equivalent contracted emergency reserve"", ""scenario"": ""BASE"", ""severity"": ""hard"", ""source_id"": null, ""unit"": ""days""}, {""actual"": 0.9238976190476192, ""code"": ""BASE_TOTAL_SERVICE"", ""constraint_id"": ""BASE_TOTAL_SERVICE"", ""excess_or_gap"": 0.04610238095238073, ""human_message"": ""Total service is 92.39%; shortage is 21.309 t."", ""limit"": 0.97, ""operator"": "">="", ""period"": ""2038"", ""reason"": ""total demand service minimum"", ""scenario"": ""BASE"", ""severity"": ""hard"", ""source_id"": null, ""unit"": ""share""}, {""actual"": 0.0, ""code"": ""RESERVE_45D"", ""constraint_id"": ""RESERVE_45D"", ""excess_or_gap"": 45.0, ""human_message"": ""Reserve equivalence is 0.000 days; required 45.000 days."", ""limit"": 45.0, ""operator"": "">="", ""period"": ""2038-01"", ""reason"": ""physical stock or demonstrably equivalent contracted emergency reserve"", ""scenario"": ""BASE"", ""severity"": ""hard"", ""source_id"": null, ""unit"": ""days""}, {""actual"": 0.917382626488095, ""code"": ""BASE_TOTAL_SERVICE"", ""constraint_id"": ""BASE_TOTAL_SERVICE"", ""excess_or_gap"": 0.052617373511904986, ""human_message"": ""Total service is 91.74%; shortage is 29.610 t."", ""limit"": 0.97, ""operator"": "">="", ""period"": ""2039"", ""reason"": ""total demand service minimum"", ""scenario"": ""BASE"", ""severity"": ""hard"", ""source_id"": null, ""unit"": ""share""}, {""actual"": 0.0, ""code"": ""RESERVE_45D"", ""constraint_id"": ""RESERVE_45D"", ""excess_or_gap"": 45.0, ""human_message"": ""Reserve equivalence is 0.000 days; required 45.000 days."", ""limit"": 45.0, ""operator"": "">="", ""period"": ""2039-01"", ""reason"": ""physical stock or demonstrably equivalent contracted emergency reserve"", ""scenario"": ""BASE"", ""severity"": ""hard"", ""source_id"": null, ""unit"": ""days""}, {""actual"": 0.874339285713381, ""code"": ""BASE_TOTAL_SERVICE"", ""constraint_id"": ""BASE_TOTAL_SERVICE"", ""excess_or_gap"": 0.09566071428661893, ""human_message"": ""Total service is 87.43%; shortage is 54.889 t."", ""limit"": 0.97, ""operator"": "">="", ""period"": ""2040"", ""reason"": ""total demand service minimum"", ""scenario"": ""BASE"", ""severity"": ""hard"", ""source_id"": null, ""unit"": ""share""}, {""actual"": 0.0, ""code"": ""RESERVE_45D"", ""constraint_id"": ""RESERVE_45D"", ""excess_or_gap"": 45.0, ""human_message"": ""Reserve equivalence is 0.000 days; required 45.000 days."", ""limit"": 45.0, ""operator"": "">="", ""period"": ""2040-01"", ""reason"": ""physical stock or demonstrably equivalent contracted emergency reserve"", ""scenario"": ""BASE"", ""severity"": ""hard"", ""source_id"": null, ""unit"": ""days""}]"
1.13,run-ecf697723526c399,False,1570.7,950.0,11430.172995808754,10363.106300598065,0.9138961397248906,1.0,135.2433333341142,0.0,0.0,0.0,9,"[{""actual"": 9.920986093574355, ""code"": ""RESERVE_45D"", ""constraint_id"": ""RESERVE_45D"", ""excess_or_gap"": 35.079013906425644, ""human_message"": ""Reserve equivalence is 9.921 days; required 45.000 days."", ""limit"": 45.0, ""operator"": "">="", ""period"": ""2036-01"", ""reason"": ""physical stock or demonstrably equivalent contracted emergency reserve"", ""scenario"": ""BASE"", ""severity"": ""hard"", ""source_id"": null, ""unit"": ""days""}, {""actual"": 0.9188200589952099, ""code"": ""BASE_TOTAL_SERVICE"", ""constraint_id"": ""BASE_TOTAL_SERVICE"", ""excess_or_gap"": 0.051179941004790064, ""human_message"": ""Total service is 91.88%; shortage is 17.429 t."", ""limit"": 0.97, ""operator"": "">="", ""period"": ""2037"", ""reason"": ""total demand service minimum"", ""scenario"": ""BASE"", ""severity"": ""hard"", ""source_id"": null, ""unit"": ""share""}, {""actual"": 0.0, ""code"": ""RESERVE_45D"", ""constraint_id"": ""RESERVE_45D"", ""excess_or_gap"": 45.0, ""human_message"": ""Reserve equivalence is 0.000 days; required 45.000 days."", ""limit"": 45.0, ""operator"": "">="", ""period"": ""2037-01"", ""reason"": ""physical stock or demonstrably equivalent contracted emergency reserve"", ""scenario"": ""BASE"", ""severity"": ""hard"", ""source_id"": null, ""unit"": ""days""}, {""actual"": 0.915721533923304, ""code"": ""BASE_TOTAL_SERVICE"", ""constraint_id"": ""BASE_TOTAL_SERVICE"", ""excess_or_gap"": 0.05427846607669595, ""human_message"": ""Total service is 91.57%; shortage is 23.809 t."", ""limit"": 0.97, ""operator"": "">="", ""period"": ""2038"", ""reason"": ""total demand service minimum"", ""scenario"": ""BASE"", ""severity"": ""hard"", ""source_id"": null, ""unit"": ""share""}, {""actual"": 0.0, ""code"": ""RESERVE_45D"", ""constraint_id"": ""RESERVE_45D"", ""excess_or_gap"": 45.0, ""human_message"": ""Reserve equivalence is 0.000 days; required 45.000 days."", ""limit"": 45.0, ""operator"": "">="", ""period"": ""2038-01"", ""reason"": ""physical stock or demonstrably equivalent contracted emergency reserve"", ""scenario"": ""BASE"", ""severity"": ""hard"", ""source_id"": null, ""unit"": ""days""}, {""actual"": 0.9092641961651917, ""code"": ""BASE_TOTAL_SERVICE"", ""constraint_id"": ""BASE_TOTAL_SERVICE"", ""excess_or_gap"": 0.060735803834808255, ""human_message"": ""Total service is 90.93%; shortage is 32.810 t."", ""limit"": 0.97, ""operator"": "">="", ""period"": ""2039"", ""reason"": ""total demand service minimum"", ""scenario"": ""BASE"", ""severity"": ""hard"", ""source_id"": null, ""unit"": ""share""}, {""actual"": 0.0, ""code"": ""RESERVE_45D"", ""constraint_id"": ""RESERVE_45D"", ""excess_or_gap"": 45.0, ""human_message"": ""Reserve equivalence is 0.000 days; required 45.000 days."", ""limit"": 45.0, ""operator"": "">="", ""period"": ""2039-01"", ""reason"": ""physical stock or demonstrably equivalent contracted emergency reserve"", ""scenario"": ""BASE"", ""severity"": ""hard"", ""source_id"": null, ""unit"": ""days""}, {""actual"": 0.8666017699106076, ""code"": ""BASE_TOTAL_SERVICE"", ""constraint_id"": ""BASE_TOTAL_SERVICE"", ""excess_or_gap"": 0.10339823008939242, ""human_message"": ""Total service is 86.66%; shortage is 58.789 t."", ""limit"": 0.97, ""operator"": "">="", ""period"": ""2040"", ""reason"": ""total demand service minimum"", ""scenario"": ""BASE"", ""severity"": ""hard"", ""source_id"": null, ""unit"": ""share""}, {""actual"": 0.0, ""code"": ""RESERVE_45D"", ""constraint_id"": ""RESERVE_45D"", ""excess_or_gap"": 45.0, ""human_message"": ""Reserve equivalence is 0.000 days; required 45.000 days."", ""limit"": 45.0, ""operator"": "">="", ""period"": ""2040-01"", ""reason"": ""physical stock or demonstrably equivalent contracted emergency reserve"", ""scenario"": ""BASE"", ""severity"": ""hard"", ""source_id"": null, ""unit"": ""days""}]"
1.14,run-afbd01e4e6de2d97,False,1584.6000000000001,950.0,11428.768895808755,10361.751919645681,0.9058795069202862,1.0,149.1433333341142,0.0,0.0,0.0,10,"[{""actual"": 0.969883040935732, ""code"": ""BASE_TOTAL_SERVICE"", ""constraint_id"": ""BASE_TOTAL_SERVICE"", ""excess_or_gap"": 0.0001169590642680074, ""human_message"": ""Total service is 96.99%; shortage is 4.807 t."", ""limit"": 0.97, ""operator"": "">="", ""period"": ""2036"", ""reason"": ""total demand service minimum"", ""scenario"": ""BASE"", ""severity"": ""hard"", ""source_id"": null, ""unit"": ""share""}, {""actual"": 7.546992481224795, ""code"": ""RESERVE_45D"", ""constraint_id"": ""RESERVE_45D"", ""excess_or_gap"": 37.45300751877521, ""human_message"": ""Reserve equivalence is 7.547 days; required 45.000 days."", ""limit"": 45.0, ""operator"": "">="", ""period"": ""2036-01"", ""reason"": ""physical stock or demonstrably equivalent contracted emergency reserve"", ""scenario"": ""BASE"", ""severity"": ""hard"", ""source_id"": null, ""unit"": ""days""}, {""actual"": 0.910760233916304, ""code"": ""BASE_TOTAL_SERVICE"", ""constraint_id"": ""BASE_TOTAL_SERVICE"", ""excess_or_gap"": 0.059239766083695966, ""human_message"": ""Total service is 91.08%; shortage is 19.329 t."", ""limit"": 0.97, ""operator"": "">="", ""period"": ""2037"", ""reason"": ""total demand service minimum"", ""scenario"": ""BASE"", ""severity"": ""hard"", ""source_id"": null, ""unit"": ""share""}, {""actual"": 0.0, ""code"": ""RESERVE_45D"", ""constraint_id"": ""RESERVE_45D"", ""excess_or_gap"": 45.0, ""human_message"": ""Reserve equivalence is 0.000 days; required 45.000 days."", ""limit"": 45.0, ""operator"": "">="", ""period"": ""2037-01"", ""reason"": ""physical stock or demonstrably equivalent contracted emergency reserve"", ""scenario"": ""BASE"", ""severity"": ""hard"", ""source_id"": null, ""unit"": ""days""}, {""actual"": 0.907688888888889, ""code"": ""BASE_TOTAL_SERVICE"", ""constraint_id"": ""BASE_TOTAL_SERVICE"", ""excess_or_gap"": 0.062311111111110984, ""human_message"": ""Total service is 90.77%; shortage is 26.309 t."", ""limit"": 0.97, ""operator"": "">="", ""period"": ""2038"", ""reason"": ""total demand service minimum"", ""scenario"": ""BASE"", ""severity"": ""hard"", ""source_id"": null, ""unit"": ""share""}, {""actual"": 0.0, ""code"": ""RESERVE_45D"", ""constraint_id"": ""RESERVE_45D"", ""excess_or_gap"": 45.0, ""human_message"": ""Reserve equivalence is 0.000 days; required 45.000 days."", ""limit"": 45.0, ""operator"": "">="", ""period"": ""2038-01"", ""reason"": ""physical stock or demonstrably equivalent contracted emergency reserve"", ""scenario"": ""BASE"", ""severity"": ""hard"", ""source_id"": null, ""unit"": ""days""}, {""actual"": 0.9012881944444446, ""code"": ""BASE_TOTAL_SERVICE"", ""constraint_id"": ""BASE_TOTAL_SERVICE"", ""excess_or_gap"": 0.06871180555555534, ""human_message"": ""Total service is 90.13%; shortage is 36.010 t."", ""limit"": 0.97, ""operator"": "">="", ""period"": ""2039"", ""reason"": ""total demand service minimum"", ""scenario"": ""BASE"", ""severity"": ""hard"", ""source_id"": null, ""unit"": ""share""}, {""actual"": 0.0, ""code"": ""RESERVE_45D"", ""constraint_id"": ""RESERVE_45D"", ""excess_or_gap"": 45.0, ""human_message"": ""Reserve equivalence is 0.000 days; required 45.000 days."", ""limit"": 45.0, ""operator"": "">="", ""period"": ""2039-01"", ""reason"": ""physical stock or demonstrably equivalent contracted emergency reserve"", ""scenario"": ""BASE"", ""severity"": ""hard"", ""source_id"": null, ""unit"": ""days""}, {""actual"": 0.8589999999991109, ""code"": ""BASE_TOTAL_SERVICE"", ""constraint_id"": ""BASE_TOTAL_SERVICE"", ""excess_or_gap"": 0.11100000000088905, ""human_message"": ""Total service is 85.90%; shortage is 62.689 t."", ""limit"": 0.97, ""operator"": "">="", ""period"": ""2040"", ""reason"": ""total demand service minimum"", ""scenario"": ""BASE"", ""severity"": ""hard"", ""source_id"": null, ""unit"": ""share""}, {""actual"": 0.0, ""code"": ""RESERVE_45D"", ""constraint_id"": ""RESERVE_45D"", ""excess_or_gap"": 45.0, ""human_message"": ""Reserve equivalence is 0.000 days; required 45.000 days."", ""limit"": 45.0, ""operator"": "">="", ""period"": ""2040-01"", ""reason"": ""physical stock or demonstrably equivalent contracted emergency reserve"", ""scenario"": ""BASE"", ""severity"": ""hard"", ""source_id"": null, ""unit"": ""days""}]"
1.15,run-9e919154a4f0dd19,False,1598.5,950.0,11427.451295808753,10360.479919645684,0.8980022938166317,1.0,163.0433333341142,0.0,0.0,0.0,10,"[{""actual"": 0.9552380952381543, ""code"": ""BASE_TOTAL_SERVICE"", ""constraint_id"": ""BASE_TOTAL_SERVICE"", ""excess_or_gap"": 0.01476190476184569, ""human_message"": ""Total service is 95.52%; shortage is 7.207 t."", ""limit"": 0.97, ""operator"": "">="", ""period"": ""2036"", ""reason"": ""total demand service minimum"", ""scenario"": ""BASE"", ""severity"": ""hard"", ""source_id"": null, ""unit"": ""share""}, {""actual"": 5.214285714307273, ""code"": ""RESERVE_45D"", ""constraint_id"": ""RESERVE_45D"", ""excess_or_gap"": 39.78571428569273, ""human_message"": ""Reserve equivalence is 5.214 days; required 45.000 days."", ""limit"": 45.0, ""operator"": "">="", ""period"": ""2036-01"", ""reason"": ""physical stock or demonstrably equivalent contracted emergency reserve"", ""scenario"": ""BASE"", ""severity"": ""hard"", ""source_id"": null, ""unit"": ""days""}, {""actual"": 0.9028405797083362, ""code"": ""BASE_TOTAL_SERVICE"", ""constraint_id"": ""BASE_TOTAL_SERVICE"", ""excess_or_gap"": 0.06715942029166377, ""human_message"": ""Total service is 90.28%; shortage is 21.229 t."", ""limit"": 0.97, ""operator"": "">="", ""period"": ""2037"", ""reason"": ""total demand service minimum"", ""scenario"": ""BASE"", ""severity"": ""hard"", ""source_id"": null, ""unit"": ""share""}, {""actual"": 0.0, ""code"": ""RESERVE_45D"", ""constraint_id"": ""RESERVE_45D"", ""excess_or_gap"": 45.0, ""human_message"": ""Reserve equivalence is 0.000 days; required 45.000 days."", ""limit"": 45.0, ""operator"": "">="", ""period"": ""2037-01"", ""reason"": ""physical stock or demonstrably equivalent contracted emergency reserve"", ""scenario"": ""BASE"", ""severity"": ""hard"", ""source_id"": null, ""unit"": ""days""}, {""actual"": 0.8997959420289856, ""code"": ""BASE_TOTAL_SERVICE"", ""constraint_id"": ""BASE_TOTAL_SERVICE"", ""excess_or_gap"": 0.07020405797101437, ""human_message"": ""Total service is 89.98%; shortage is 28.809 t."", ""limit"": 0.97, ""operator"": "">="", ""period"": ""2038"", ""reason"": ""total demand service minimum"", ""scenario"": ""BASE"", ""severity"": ""hard"", ""source_id"": null, ""unit"": ""share""}, {""actual"": 0.0, ""code"": ""RESERVE_45D"", ""constraint_id"": ""RESERVE_45D"", ""excess_or_gap"": 45.0, ""human_message"": ""Reserve equivalence is 0.000 days; required 45.000 days."", ""limit"": 45.0, ""operator"": "">="", ""period"": ""2038-01"", ""reason"": ""physical stock or demonstrably equivalent contracted emergency reserve"", ""scenario"": ""BASE"", ""severity"": ""hard"", ""source_id"": null, ""unit"": ""days""}, {""actual"": 0.8934509057971012, ""code"": ""BASE_TOTAL_SERVICE"", ""constraint_id"": ""BASE_TOTAL_SERVICE"", ""excess_or_gap"": 0.0765490942028988, ""human_message"": ""Total service is 89.35%; shortage is 39.210 t."", ""limit"": 0.97, ""operator"": "">="", ""period"": ""2039"", ""reason"": ""total demand service minimum"", ""scenario"": ""BASE"", ""severity"": ""hard"", ""source_id"": null, ""unit"": ""share""}, {""actual"": 0.0, ""code"": ""RESERVE_45D"", ""constraint_id"": ""RESERVE_45D"", ""excess_or_gap"": 45.0, ""human_message"": ""Reserve equivalence is 0.000 days; required 45.000 days."", ""limit"": 45.0, ""operator"": "">="", ""period"": ""2039-01"", ""reason"": ""physical stock or demonstrably equivalent contracted emergency reserve"", ""scenario"": ""BASE"", ""severity"": ""hard"", ""source_id"": null, ""unit"": ""days""}, {""actual"": 0.8515304347817276, ""code"": ""BASE_TOTAL_SERVICE"", ""constraint_id"": ""BASE_TOTAL_SERVICE"", ""excess_or_gap"": 0.11846956521827234, ""human_message"": ""Total service is 85.15%; shortage is 66.589 t."", ""limit"": 0.97, ""operator"": "">="", ""period"": ""2040"", ""reason"": ""total demand service minimum"", ""scenario"": ""BASE"", ""severity"": ""hard"", ""source_id"": null, ""unit"": ""share""}, {""actual"": 0.0, ""code"": ""RESERVE_45D"", ""constraint_id"": ""RESERVE_45D"", ""excess_or_gap"": 45.0, ""human_message"": ""Reserve equivalence is 0.000 days; required 45.000 days."", ""limit"": 45.0, ""operator"": "">="", ""period"": ""2040-01"", ""reason"": ""physical stock or demonstrably equivalent contracted emergency reserve"", ""scenario"": ""BASE"", ""severity"": ""hard"", ""source_id"": null, ""unit"": ""days""}]"
1.16,run-31c4c145d1215716,False,1612.3999999999999,950.0,11426.206295808754,10359.277062502824,0.8902608947320055,1.0,176.94333333411424,0.0,0.0,0.0,10,"[{""actual"": 0.9408456486043276, ""code"": ""BASE_TOTAL_SERVICE"", ""constraint_id"": ""BASE_TOTAL_SERVICE"", ""excess_or_gap"": 0.02915435139567235, ""human_message"": ""Total service is 94.08%; shortage is 9.607 t."", ""limit"": 0.97, ""operator"": "">="", ""period"": ""2036"", ""reason"": ""total demand service minimum"", ""scenario"": ""BASE"", ""severity"": ""hard"", ""source_id"": null, ""unit"": ""share""}, {""actual"": 2.921798029577984, ""code"": ""RESERVE_45D"", ""constraint_id"": ""RESERVE_45D"", ""excess_or_gap"": 42.078201970422015, ""human_message"": ""Reserve equivalence is 2.922 days; required 45.000 days."", ""limit"": 45.0, ""operator"": "">="", ""period"": ""2036-01"", ""reason"": ""physical stock or demonstrably equivalent contracted emergency reserve"", ""scenario"": ""BASE"", ""severity"": ""hard"", ""source_id"": null, ""unit"": ""days""}, {""actual"": 0.8950574712625748, ""code"": ""BASE_TOTAL_SERVICE"", ""constraint_id"": ""BASE_TOTAL_SERVICE"", ""excess_or_gap"": 0.07494252873742513, ""human_message"": ""Total service is 89.51%; shortage is 23.129 t."", ""limit"": 0.97, ""operator"": "">="", ""period"": ""2037"", ""reason"": ""total demand service minimum"", ""scenario"": ""BASE"", ""severity"": ""hard"", ""source_id"": null, ""unit"": ""share""}, {""actual"": 0.0, ""code"": ""RESERVE_45D"", ""constraint_id"": ""RESERVE_45D"", ""excess_or_gap"": 45.0, ""human_message"": ""Reserve equivalence is 0.000 days; required 45.000 days."", ""limit"": 45.0, ""operator"": "">="", ""period"": ""2037-01"", ""reason"": ""physical stock or demonstrably equivalent contracted emergency reserve"", ""scenario"": ""BASE"", ""severity"": ""hard"", ""source_id"": null, ""unit"": ""days""}, {""actual"": 0.8920390804597702, ""code"": ""BASE_TOTAL_SERVICE"", ""constraint_id"": ""BASE_TOTAL_SERVICE"", ""excess_or_gap"": 0.07796091954022977, ""human_message"": ""Total service is 89.20%; shortage is 31.309 t."", ""limit"": 0.97, ""operator"": "">="", ""period"": ""2038"", ""reason"": ""total demand service minimum"", ""scenario"": ""BASE"", ""severity"": ""hard"", ""source_id"": null, ""unit"": ""share""}, {""actual"": 0.0, ""code"": ""RESERVE_45D"", ""constraint_id"": ""RESERVE_45D"", ""excess_or_gap"": 45.0, ""human_message"": ""Reserve equivalence is 0.000 days; required 45.000 days."", ""limit"": 45.0, ""operator"": "">="", ""period"": ""2038-01"", ""reason"": ""physical stock or demonstrably equivalent contracted emergency reserve"", ""scenario"": ""BASE"", ""severity"": ""hard"", ""source_id"": null, ""unit"": ""days""}, {""actual"": 0.8857487428160918, ""code"": ""BASE_TOTAL_SERVICE"", ""constraint_id"": ""BASE_TOTAL_SERVICE"", ""excess_or_gap"": 0.08425125718390813, ""human_message"": ""Total service is 88.57%; shortage is 42.410 t."", ""limit"": 0.97, ""operator"": "">="", ""period"": ""2039"", ""reason"": ""total demand service minimum"", ""scenario"": ""BASE"", ""severity"": ""hard"", ""source_id"": null, ""unit"": ""share""}, {""actual"": 0.0, ""code"": ""RESERVE_45D"", ""constraint_id"": ""RESERVE_45D"", ""excess_or_gap"": 45.0, ""human_message"": ""Reserve equivalence is 0.000 days; required 45.000 days."", ""limit"": 45.0, ""operator"": "">="", ""period"": ""2039-01"", ""reason"": ""physical stock or demonstrably equivalent contracted emergency reserve"", ""scenario"": ""BASE"", ""severity"": ""hard"", ""source_id"": null, ""unit"": ""days""}, {""actual"": 0.8441896551715403, ""code"": ""BASE_TOTAL_SERVICE"", ""constraint_id"": ""BASE_TOTAL_SERVICE"", ""excess_or_gap"": 0.12581034482845965, ""human_message"": ""Total service is 84.42%; shortage is 70.489 t."", ""limit"": 0.97, ""operator"": "">="", ""period"": ""2040"", ""reason"": ""total demand service minimum"", ""scenario"": ""BASE"", ""severity"": ""hard"", ""source_id"": null, ""unit"": ""share""}, {""actual"": 0.0, ""code"": ""RESERVE_45D"", ""constraint_id"": ""RESERVE_45D"", ""excess_or_gap"": 45.0, ""human_message"": ""Reserve equivalence is 0.000 days; required 45.000 days."", ""limit"": 45.0, ""operator"": "">="", ""period"": ""2040-01"", ""reason"": ""physical stock or demonstrably equivalent contracted emergency reserve"", ""scenario"": ""BASE"", ""severity"": ""hard"", ""source_id"": null, ""unit"": ""days""}]"
1.17,run-6b5baaac0034ec64,False,1626.3,950.0,11425.077195808752,10358.184586312349,0.8826518272556636,1.0,190.84333333411428,0.0,0.0,0.0,10,"[{""actual"": 0.9266992266992844, ""code"": ""BASE_TOTAL_SERVICE"", ""constraint_id"": ""BASE_TOTAL_SERVICE"", ""excess_or_gap"": 0.04330077330071558, ""human_message"": ""Total service is 92.67%; shortage is 12.007 t."", ""limit"": 0.97, ""operator"": "">="", ""period"": ""2036"", ""reason"": ""total demand service minimum"", ""scenario"": ""BASE"", ""severity"": ""hard"", ""source_id"": null, ""unit"": ""share""}, {""actual"": 0.6684981685193507, ""code"": ""RESERVE_45D"", ""constraint_id"": ""RESERVE_45D"", ""excess_or_gap"": 44.33150183148065, ""human_message"": ""Reserve equivalence is 0.668 days; required 45.000 days."", ""limit"": 45.0, ""operator"": "">="", ""period"": ""2036-01"", ""reason"": ""physical stock or demonstrably equivalent contracted emergency reserve"", ""scenario"": ""BASE"", ""severity"": ""hard"", ""source_id"": null, ""unit"": ""days""}, {""actual"": 0.8874074074056296, ""code"": ""BASE_TOTAL_SERVICE"", ""constraint_id"": ""BASE_TOTAL_SERVICE"", ""excess_or_gap"": 0.08259259259437035, ""human_message"": ""Total service is 88.74%; shortage is 25.029 t."", ""limit"": 0.97, ""operator"": "">="", ""period"": ""2037"", ""reason"": ""total demand service minimum"", ""scenario"": ""BASE"", ""severity"": ""hard"", ""source_id"": null, ""unit"": ""share""}, {""actual"": 0.0, ""code"": ""RESERVE_45D"", ""constraint_id"": ""RESERVE_45D"", ""excess_or_gap"": 45.0, ""human_message"": ""Reserve equivalence is 0.000 days; required 45.000 days."", ""limit"": 45.0, ""operator"": "">="", ""period"": ""2037-01"", ""reason"": ""physical stock or demonstrably equivalent contracted emergency reserve"", ""scenario"": ""BASE"", ""severity"": ""hard"", ""source_id"": null, ""unit"": ""days""}, {""actual"": 0.884414814814815, ""code"": ""BASE_TOTAL_SERVICE"", ""constraint_id"": ""BASE_TOTAL_SERVICE"", ""excess_or_gap"": 0.08558518518518499, ""human_message"": ""Total service is 88.44%; shortage is 33.809 t."", ""limit"": 0.97, ""operator"": "">="", ""period"": ""2038"", ""reason"": ""total demand service minimum"", ""scenario"": ""BASE"", ""severity"": ""hard"", ""source_id"": null, ""unit"": ""share""}, {""actual"": 0.0, ""code"": ""RESERVE_45D"", ""constraint_id"": ""RESERVE_45D"", ""excess_or_gap"": 45.0, ""human_message"": ""Reserve equivalence is 0.000 days; required 45.000 days."", ""limit"": 45.0, ""operator"": "">="", ""period"": ""2038-01"", ""reason"": ""physical stock or demonstrably equivalent contracted emergency reserve"", ""scenario"": ""BASE"", ""severity"": ""hard"", ""source_id"": null, ""unit"": ""days""}, {""actual"": 0.8781782407407408, ""code"": ""BASE_TOTAL_SERVICE"", ""constraint_id"": ""BASE_TOTAL_SERVICE"", ""excess_or_gap"": 0.09182175925925917, ""human_message"": ""Total service is 87.82%; shortage is 45.610 t."", ""limit"": 0.97, ""operator"": "">="", ""period"": ""2039"", ""reason"": ""total demand service minimum"", ""scenario"": ""BASE"", ""severity"": ""hard"", ""source_id"": null, ""unit"": ""share""}, {""actual"": 0.0, ""code"": ""RESERVE_45D"", ""constraint_id"": ""RESERVE_45D"", ""excess_or_gap"": 45.0, ""human_message"": ""Reserve equivalence is 0.000 days; required 45.000 days."", ""limit"": 45.0, ""operator"": "">="", ""period"": ""2039-01"", ""reason"": ""physical stock or demonstrably equivalent contracted emergency reserve"", ""scenario"": ""BASE"", ""severity"": ""hard"", ""source_id"": null, ""unit"": ""days""}, {""actual"": 0.836974358973493, ""code"": ""BASE_TOTAL_SERVICE"", ""constraint_id"": ""BASE_TOTAL_SERVICE"", ""excess_or_gap"": 0.13302564102650694, ""human_message"": ""Total service is 83.70%; shortage is 74.389 t."", ""limit"": 0.97, ""operator"": "">="", ""period"": ""2040"", ""reason"": ""total demand service minimum"", ""scenario"": ""BASE"", ""severity"": ""hard"", ""source_id"": null, ""unit"": ""share""}, {""actual"": 0.0, ""code"": ""RESERVE_45D"", ""constraint_id"": ""RESERVE_45D"", ""excess_or_gap"": 45.0, ""human_message"": ""Reserve equivalence is 0.000 days; required 45.000 days."", ""limit"": 45.0, ""operator"": "">="", ""period"": ""2040-01"", ""reason"": ""physical stock or demonstrably equivalent contracted emergency reserve"", ""scenario"": ""BASE"", ""severity"": ""hard"", ""source_id"": null, ""unit"": ""days""}]"
1.18,run-d585f285bd119f74,False,1640.2,950.0,11424.333195808747,10357.45987202663,0.8751717270246834,1.0,204.74333333411437,0.0,0.0,0.0,10,"[{""actual"": 0.9170298627925746, ""code"": ""BASE_TOTAL_SERVICE"", ""constraint_id"": ""BASE_TOTAL_SERVICE"", ""excess_or_gap"": 0.05297013720742538, ""human_message"": ""Total service is 91.70%; shortage is 13.707 t."", ""limit"": 0.97, ""operator"": "">="", ""period"": ""2036"", ""reason"": ""total demand service minimum"", ""scenario"": ""BASE"", ""severity"": ""hard"", ""source_id"": null, ""unit"": ""share""}, {""actual"": 0.0, ""code"": ""RESERVE_45D"", ""constraint_id"": ""RESERVE_45D"", ""excess_or_gap"": 45.0, ""human_message"": ""Reserve equivalence is 0.000 days; required 45.000 days."", ""limit"": 45.0, ""operator"": "">="", ""period"": ""2036-01"", ""reason"": ""physical stock or demonstrably equivalent contracted emergency reserve"", ""scenario"": ""BASE"", ""severity"": ""hard"", ""source_id"": null, ""unit"": ""days""}, {""actual"": 0.8798870056479549, ""code"": ""BASE_TOTAL_SERVICE"", ""constraint_id"": ""BASE_TOTAL_SERVICE"", ""excess_or_gap"": 0.09011299435204512, ""human_message"": ""Total service is 87.99%; shortage is 26.929 t."", ""limit"": 0.97, ""operator"": "">="", ""period"": ""2037"", ""reason"": ""total demand service minimum"", ""scenario"": ""BASE"", ""severity"": ""hard"", ""source_id"": null, ""unit"": ""share""}, {""actual"": 0.0, ""code"": ""RESERVE_45D"", ""constraint_id"": ""RESERVE_45D"", ""excess_or_gap"": 45.0, ""human_message"": ""Reserve equivalence is 0.000 days; required 45.000 days."", ""limit"": 45.0, ""operator"": "">="", ""period"": ""2037-01"", ""reason"": ""physical stock or demonstrably equivalent contracted emergency reserve"", ""scenario"": ""BASE"", ""severity"": ""hard"", ""source_id"": null, ""unit"": ""days""}, {""actual"": 0.8769197740112996, ""code"": ""BASE_TOTAL_SERVICE"", ""constraint_id"": ""BASE_TOTAL_SERVICE"", ""excess_or_gap"": 0.09308022598870036, ""human_message"": ""Total service is 87.69%; shortage is 36.309 t."", ""limit"": 0.97, ""operator"": "">="", ""period"": ""2038"", ""reason"": ""total demand service minimum"", ""scenario"": ""BASE"", ""severity"": ""hard"", ""source_id"": null, ""unit"": ""share""}, {""actual"": 0.0, ""code"": ""RESERVE_45D"", ""constraint_id"": ""RESERVE_45D"", ""excess_or_gap"": 45.0, ""human_message"": ""Reserve equivalence is 0.000 days; required 45.000 days."", ""limit"": 45.0, ""operator"": "">="", ""period"": ""2038-01"", ""reason"": ""physical stock or demonstrably equivalent contracted emergency reserve"", ""scenario"": ""BASE"", ""severity"": ""hard"", ""source_id"": null, ""unit"": ""days""}, {""actual"": 0.8707360522598871, ""code"": ""BASE_TOTAL_SERVICE"", ""constraint_id"": ""BASE_TOTAL_SERVICE"", ""excess_or_gap"": 0.09926394774011282, ""human_message"": ""Total service is 87.07%; shortage is 48.810 t."", ""limit"": 0.97, ""operator"": "">="", ""period"": ""2039"", ""reason"": ""total demand service minimum"", ""scenario"": ""BASE"", ""severity"": ""hard"", ""source_id"": null, ""unit"": ""share""}, {""actual"": 0.0, ""code"": ""RESERVE_45D"", ""constraint_id"": ""RESERVE_45D"", ""excess_or_gap"": 45.0, ""human_message"": ""Reserve equivalence is 0.000 days; required 45.000 days."", ""limit"": 45.0, ""operator"": "">="", ""period"": ""2039-01"", ""reason"": ""physical stock or demonstrably equivalent contracted emergency reserve"", ""scenario"": ""BASE"", ""severity"": ""hard"", ""source_id"": null, ""unit"": ""days""}, {""actual"": 0.8298813559313444, ""code"": ""BASE_TOTAL_SERVICE"", ""constraint_id"": ""BASE_TOTAL_SERVICE"", ""excess_or_gap"": 0.1401186440686556, ""human_message"": ""Total service is 82.99%; shortage is 78.289 t."", ""limit"": 0.97, ""operator"": "">="", ""period"": ""2040"", ""reason"": ""total demand service minimum"", ""scenario"": ""BASE"", ""severity"": ""hard"", ""source_id"": null, ""unit"": ""share""}, {""actual"": 0.0, ""code"": ""RESERVE_45D"", ""constraint_id"": ""RESERVE_45D"", ""excess_or_gap"": 45.0, ""human_message"": ""Reserve equivalence is 0.000 days; required 45.000 days."", ""limit"": 45.0, ""operator"": "">="", ""period"": ""2040-01"", ""reason"": ""physical stock or demonstrably equivalent contracted emergency reserve"", ""scenario"": ""BASE"", ""severity"": ""hard"", ""source_id"": null, ""unit"": ""days""}]"
1.19,run-928885c4f75264fe,False,1654.1000000000001,950.0,11423.795595808746,10356.932157740914,0.8678173427639717,1.0,218.6433333341143,0.0,0.0,0.0,10,"[{""actual"": 0.909323729491797, ""code"": ""BASE_TOTAL_SERVICE"", ""constraint_id"": ""BASE_TOTAL_SERVICE"", ""excess_or_gap"": 0.06067627050820301, ""human_message"": ""Total service is 90.93%; shortage is 15.107 t."", ""limit"": 0.97, ""operator"": "">="", ""period"": ""2036"", ""reason"": ""total demand service minimum"", ""scenario"": ""BASE"", ""severity"": ""hard"", ""source_id"": null, ""unit"": ""share""}, {""actual"": 0.0, ""code"": ""RESERVE_45D"", ""constraint_id"": ""RESERVE_45D"", ""excess_or_gap"": 45.0, ""human_message"": ""Reserve equivalence is 0.000 days; required 45.000 days."", ""limit"": 45.0, ""operator"": "">="", ""period"": ""2036-01"", ""reason"": ""physical stock or demonstrably equivalent contracted emergency reserve"", ""scenario"": ""BASE"", ""severity"": ""hard"", ""source_id"": null, ""unit"": ""days""}, {""actual"": 0.8724929971971318, ""code"": ""BASE_TOTAL_SERVICE"", ""constraint_id"": ""BASE_TOTAL_SERVICE"", ""excess_or_gap"": 0.09750700280286817, ""human_message"": ""Total service is 87.25%; shortage is 28.829 t."", ""limit"": 0.97, ""operator"": "">="", ""period"": ""2037"", ""reason"": ""total demand service minimum"", ""scenario"": ""BASE"", ""severity"": ""hard"", ""source_id"": null, ""unit"": ""share""}, {""actual"": 0.0, ""code"": ""RESERVE_45D"", ""constraint_id"": ""RESERVE_45D"", ""excess_or_gap"": 45.0, ""human_message"": ""Reserve equivalence is 0.000 days; required 45.000 days."", ""limit"": 45.0, ""operator"": "">="", ""period"": ""2037-01"", ""reason"": ""physical stock or demonstrably equivalent contracted emergency reserve"", ""scenario"": ""BASE"", ""severity"": ""hard"", ""source_id"": null, ""unit"": ""days""}, {""actual"": 0.8695507002801122, ""code"": ""BASE_TOTAL_SERVICE"", ""constraint_id"": ""BASE_TOTAL_SERVICE"", ""excess_or_gap"": 0.10044929971988781, ""human_message"": ""Total service is 86.96%; shortage is 38.809 t."", ""limit"": 0.97, ""operator"": "">="", ""period"": ""2038"", ""reason"": ""total demand service minimum"", ""scenario"": ""BASE"", ""severity"": ""hard"", ""source_id"": null, ""unit"": ""share""}, {""actual"": 0.0, ""code"": ""RESERVE_45D"", ""constraint_id"": ""RESERVE_45D"", ""excess_or_gap"": 45.0, ""human_message"": ""Reserve equivalence is 0.000 days; required 45.000 days."", ""limit"": 45.0, ""operator"": "">="", ""period"": ""2038-01"", ""reason"": ""physical stock or demonstrably equivalent contracted emergency reserve"", ""scenario"": ""BASE"", ""severity"": ""hard"", ""source_id"": null, ""unit"": ""days""}, {""actual"": 0.8634189425770307, ""code"": ""BASE_TOTAL_SERVICE"", ""constraint_id"": ""BASE_TOTAL_SERVICE"", ""excess_or_gap"": 0.1065810574229693, ""human_message"": ""Total service is 86.34%; shortage is 52.010 t."", ""limit"": 0.97, ""operator"": "">="", ""period"": ""2039"", ""reason"": ""total demand service minimum"", ""scenario"": ""BASE"", ""severity"": ""hard"", ""source_id"": null, ""unit"": ""share""}, {""actual"": 0.0, ""code"": ""RESERVE_45D"", ""constraint_id"": ""RESERVE_45D"", ""excess_or_gap"": 45.0, ""human_message"": ""Reserve equivalence is 0.000 days; required 45.000 days."", ""limit"": 45.0, ""operator"": "">="", ""period"": ""2039-01"", ""reason"": ""physical stock or demonstrably equivalent contracted emergency reserve"", ""scenario"": ""BASE"", ""severity"": ""hard"", ""source_id"": null, ""unit"": ""days""}, {""actual"": 0.8229075630243584, ""code"": ""BASE_TOTAL_SERVICE"", ""constraint_id"": ""BASE_TOTAL_SERVICE"", ""excess_or_gap"": 0.14709243697564156, ""human_message"": ""Total service is 82.29%; shortage is 82.189 t."", ""limit"": 0.97, ""operator"": "">="", ""period"": ""2040"", ""reason"": ""total demand service minimum"", ""scenario"": ""BASE"", ""severity"": ""hard"", ""source_id"": null, ""unit"": ""share""}, {""actual"": 0.0, ""code"": ""RESERVE_45D"", ""constraint_id"": ""RESERVE_45D"", ""excess_or_gap"": 45.0, ""human_message"": ""Reserve equivalence is 0.000 days; required 45.000 days."", ""limit"": 45.0, ""operator"": "">="", ""period"": ""2040-01"", ""reason"": ""physical stock or demonstrably equivalent contracted emergency reserve"", ""scenario"": ""BASE"", ""severity"": ""hard"", ""source_id"": null, ""unit"": ""days""}]"
1.2,run-0b7d4ca518b5bbda,False,1668.0,950.0,11423.269595808748,10356.415491074247,0.860585531574272,1.0,232.54333333411438,0.0,0.0,0.0,10,"[{""actual"": 0.9017460317460316, ""code"": ""BASE_TOTAL_SERVICE"", ""constraint_id"": ""BASE_TOTAL_SERVICE"", ""excess_or_gap"": 0.06825396825396834, ""human_message"": ""Total service is 90.17%; shortage is 16.507 t."", ""limit"": 0.97, ""operator"": "">="", ""period"": ""2036"", ""reason"": ""total demand service minimum"", ""scenario"": ""BASE"", ""severity"": ""hard"", ""source_id"": null, ""unit"": ""share""}, {""actual"": 0.0, ""code"": ""RESERVE_45D"", ""constraint_id"": ""RESERVE_45D"", ""excess_or_gap"": 45.0, ""human_message"": ""Reserve equivalence is 0.000 days; required 45.000 days."", ""limit"": 45.0, ""operator"": "">="", ""period"": ""2036-01"", ""reason"": ""physical stock or demonstrably equivalent contracted emergency reserve"", ""scenario"": ""BASE"", ""severity"": ""hard"", ""source_id"": null, ""unit"": ""days""}, {""actual"": 0.8652222222204891, ""code"": ""BASE_TOTAL_SERVICE"", ""constraint_id"": ""BASE_TOTAL_SERVICE"", ""excess_or_gap"": 0.10477777777951092, ""human_message"": ""Total service is 86.52%; shortage is 30.729 t."", ""limit"": 0.97, ""operator"": "">="", ""period"": ""2037"", ""reason"": ""total demand service minimum"", ""scenario"": ""BASE"", ""severity"": ""hard"", ""source_id"": null, ""unit"": ""share""}, {""actual"": 0.0, ""code"": ""RESERVE_45D"", ""constraint_id"": ""RESERVE_45D"", ""excess_or_gap"": 45.0, ""human_message"": ""Reserve equivalence is 0.000 days; required 45.000 days."", ""limit"": 45.0, ""operator"": "">="", ""period"": ""2037-01"", ""reason"": ""physical stock or demonstrably equivalent contracted emergency reserve"", ""scenario"": ""BASE"", ""severity"": ""hard"", ""source_id"": null, ""unit"": ""days""}, {""actual"": 0.8623044444444445, ""code"": ""BASE_TOTAL_SERVICE"", ""constraint_id"": ""BASE_TOTAL_SERVICE"", ""excess_or_gap"": 0.10769555555555543, ""human_message"": ""Total service is 86.23%; shortage is 41.309 t."", ""limit"": 0.97, ""operator"": "">="", ""period"": ""2038"", ""reason"": ""total demand service minimum"", ""scenario"": ""BASE"", ""severity"": ""hard"", ""source_id"": null, ""unit"": ""share""}, {""actual"": 0.0, ""code"": ""RESERVE_45D"", ""constraint_id"": ""RESERVE_45D"", ""excess_or_gap"": 45.0, ""human_message"": ""Reserve equivalence is 0.000 days; required 45.000 days."", ""limit"": 45.0, ""operator"": "">="", ""period"": ""2038-01"", ""reason"": ""physical stock or demonstrably equivalent contracted emergency reserve"", ""scenario"": ""BASE"", ""severity"": ""hard"", ""source_id"": null, ""unit"": ""days""}, {""actual"": 0.8562237847222222, ""code"": ""BASE_TOTAL_SERVICE"", ""constraint_id"": ""BASE_TOTAL_SERVICE"", ""excess_or_gap"": 0.11377621527777781, ""human_message"": ""Total service is 85.62%; shortage is 55.210 t."", ""limit"": 0.97, ""operator"": "">="", ""period"": ""2039"", ""reason"": ""total demand service minimum"", ""scenario"": ""BASE"", ""severity"": ""hard"", ""source_id"": null, ""unit"": ""share""}, {""actual"": 0.0, ""code"": ""RESERVE_45D"", ""constraint_id"": ""RESERVE_45D"", ""excess_or_gap"": 45.0, ""human_message"": ""Reserve equivalence is 0.000 days; required 45.000 days."", ""limit"": 45.0, ""operator"": "">="", ""period"": ""2039-01"", ""reason"": ""physical stock or demonstrably equivalent contracted emergency reserve"", ""scenario"": ""BASE"", ""severity"": ""hard"", ""source_id"": null, ""unit"": ""days""}, {""actual"": 0.8160499999991555, ""code"": ""BASE_TOTAL_SERVICE"", ""constraint_id"": ""BASE_TOTAL_SERVICE"", ""excess_or_gap"": 0.15395000000084447, ""human_message"": ""Total service is 81.60%; shortage is 86.089 t."", ""limit"": 0.97, ""operator"": "">="", ""period"": ""2040"", ""reason"": ""total demand service minimum"", ""scenario"": ""BASE"", ""severity"": ""hard"", ""source_id"": null, ""unit"": ""share""}, {""actual"": 0.0, ""code"": ""RESERVE_45D"", ""constraint_id"": ""RESERVE_45D"", ""excess_or_gap"": 45.0, ""human_message"": ""Reserve equivalence is 0.000 days; required 45.000 days."", ""limit"": 45.0, ""operator"": "">="", ""period"": ""2040-01"", ""reason"": ""physical stock or demonstrably equivalent contracted emergency reserve"", ""scenario"": ""BASE"", ""severity"": ""hard"", ""source_id"": null, ""unit"": ""days""}]"
